<?xml version="1.0" encoding="UTF-8"?>
<metadata xml:lang="en"><idinfo><descript><abstract>Philadelphia is divided into 66 wards, which are the second smallest units of the city. Each ward contains no fewer than 10 and no more than 50 divisions. Ward leaders are elected by their party's committee people. A Political Ward is a division of a city for representative, electrol, or adminstrative purposes. Metadata updated 09/21/2012
</abstract><purpose>A Political Ward is a division of a city for representative, electrol, or adminstrative purposes. Metadata updated 09/21/2012</purpose></descript><citation><citeinfo><origin>Philadelphia City Planning Commission</origin><pubdate>2016</pubdate><title>Philadelphia Political Wards</title><geoform>vector digital data</geoform><onlink>http://www.pasda.psu.edu</onlink></citeinfo></citation><timeperd><current>publication date</current><timeinfo><sngdate><caldate>2016</caldate></sngdate></timeinfo></timeperd><status><progress>Complete</progress><update>As needed</update></status><spdom><bounding><westbc>-75.284151</westbc><eastbc>-74.954032</eastbc><northbc>40.143797</northbc><southbc>39.861743</southbc></bounding></spdom><keywords><theme><themekey>ward</themekey><themekt>ISO 19115 Topic Categories</themekt><themekey>boundaries</themekey><themekey>planning</themekey><themekey>city planning</themekey><themekey>PCPC</themekey></theme><place><placekey>Philadelphia</placekey><placekey>City of Philadelphia</placekey></place></keywords><ptcontac><cntinfo><cntperp><cntper>Darshna Patel</cntper><cntorg>Philadelphia City Planning Commission</cntorg></cntperp><cntvoice>(215) 683-4611</cntvoice><cntemail>Darshna.Patel@phila.gov</cntemail><cntaddr><addrtype>mailing and physical address</addrtype><address>1515 Arch Street, 13 Fl</address><city>Philadelphia</city><state>Pennsylvania</state><postal>19102</postal><country>United States</country></cntaddr></cntinfo></ptcontac><useconst>The City of Philadelphia makes no representation about the accuracy of any specific information in this GIS data and is provided “as is” and without Warranty of any kind. The user of this data will assume complete responsibility for any and all occurrences resulting from its use or display and will hold the City of Philadelphia harmless from any and all claims, demands, liabilities, obligations, damages, suits, judgments or settlements, including reasonable costs and attorneys' fees, that arise from use of this data.
The City of Philadelphia makes no representation about the accuracy of any specific information in this GIS data and is provided “as is” and without Warranty of any kind. The user of this data will assume complete responsibility for any and all occurrences resulting from its use or display and will hold the City of Philadelphia harmless from any and all claims, demands, liabilities, obligations, damages, suits, judgments or settlements, including reasonable costs and attorneys' fees, that arise from use of this data.
</useconst></idinfo><dataIdInfo><envirDesc>Microsoft Windows XP Version 5.1 (Build 2600) Service Pack 3; ESRI ArcCatalog 9.3.1.3500</envirDesc><dataLang><languageCode value="en"/><countryCode value="USA"/></dataLang><idCitation><resTitle>GIS_PLANNING.Wards</resTitle><presForm><PresFormCd value="005"/></presForm></idCitation><spatRpType><SpatRepTypCd value="001"/></spatRpType><dataExt><geoEle><GeoBndBox esriExtentType="native"><westBL>2660574.99701</westBL><eastBL>2750114.654544</eastBL><northBL>304942.42744</northBL><southBL>204817.066012</southBL><exTypeCode>1</exTypeCode></GeoBndBox></geoEle></dataExt><dataExt><geoEle><GeoBndBox esriExtentType="search"><westBL>-75.284151</westBL><eastBL>-74.954032</eastBL><northBL>40.143797</northBL><southBL>39.861743</southBL><exTypeCode>1</exTypeCode></GeoBndBox></geoEle></dataExt><geoBox esriExtentType="decdegrees"><westBL>-75.284151</westBL><eastBL>-74.954032</eastBL><northBL>40.143797</northBL><southBL>39.861743</southBL><exTypeCode>1</exTypeCode></geoBox><idPurp>Political Wards</idPurp><idAbs>&lt;DIV STYLE="text-align:Left;"&gt;&lt;DIV&gt;&lt;DIV&gt;&lt;P&gt;&lt;SPAN&gt;Political Wards are divisions of the city primarily used for polling.&lt;/SPAN&gt;&lt;/P&gt;&lt;/DIV&gt;&lt;/DIV&gt;&lt;/DIV&gt;</idAbs><searchKeys><keyword>Wards</keyword></searchKeys></dataIdInfo><metainfo><metstdn>FGDC Content Standards for Digital Geospatial Metadata</metstdn><metstdv>FGDC-STD-001-1998</metstdv><mettc>local time</mettc><metc><cntinfo><cntorgp><cntorg>Pennsylvania Spatial Data Access (PASDA)</cntorg></cntorgp><cntvoice>(814) 865 - 8792</cntvoice><cntaddr><addrtype>mailing and physical address</addrtype><address>115 Land and Water building</address><city>University Park</city><state>Pennsylvania</state><postal>16802</postal><country>United States</country></cntaddr><cntemail>pasda@psu.edu</cntemail></cntinfo></metc><metd>20120921</metd></metainfo><mdLang><languageCode value="en"/><countryCode value="USA"/></mdLang><mdStanName>ArcGIS Metadata</mdStanName><mdStanVer>1.0</mdStanVer><mdChar><CharSetCd value="004"/></mdChar><mdHrLv><ScopeCd value="005"/></mdHrLv><mdHrLvName>dataset</mdHrLvName><distinfo><resdesc>Downloadable Data</resdesc><stdorder><digform><digtinfo><transize>0.000</transize></digtinfo></digform></stdorder><distrib><cntinfo><cntperp><cntorg>Pennsylvania Spatial Data Access (PASDA)</cntorg></cntperp><cntaddr><addrtype>mailing and physical address</addrtype><address>115 Land and Water building</address><city>University Park</city><state>Pennsylvania</state><postal>16802</postal><country>United States</country></cntaddr><cntvoice>(814) 865 - 8792</cntvoice><cntemail>pasda@psu.edu</cntemail></cntinfo></distrib><distliab>The USER shall indemnify, save harmless, and, if requested, defend those parties involved with the development and distribution of this data, their officers, agents, and employees from and against any suits, claims, or actions for injury, death, or property damage arising out of the use of or any defect in the FILES or any accompanying documentation. Those parties involved with the development and distribution excluded any and all implied warranties, including warranties or merchantability and fitness for a particular purpose and makes no warranty or representation, either express or implied, with respect to the FILES or accompanying documentation, including its quality, performance, merchantability, or fitness for a particular purpose. The FILES and documentation are provided "as is" and the USER assumes the entire risk as to its quality and performance. Those parties involved with the development and distribution of this data will not be liable for any direct, indirect, special, incidental, or consequential damages arising out of the use or inability to use the FILES or any accompanying documentation.</distliab></distinfo><distInfo><distributor><distorTran><onLineSrc><orDesc>002</orDesc><linkage>file://Service=sde:oracle10g; User=gis_planning; Version=SDE.DEFAULT</linkage><protocol>Local Area Network</protocol></onLineSrc><transSize>0.000</transSize></distorTran><distorFormat><formatName>SDE Feature Class</formatName></distorFormat></distributor><distFormat><formatName>SDE Feature Class</formatName></distFormat></distInfo><spdoinfo><direct>Vector</direct><ptvctinf/></spdoinfo><spref><horizsys><planar><planci><plance>coordinate pair</plance><plandu>survey feet</plandu><coordrep><absres>0.000328</absres><ordres>0.000328</ordres></coordrep></planci></planar><geodetic><horizdn>North American Datum of 1983</horizdn><ellips>Geodetic Reference System 80</ellips><semiaxis>6378137.000000</semiaxis><denflat>298.257222</denflat></geodetic></horizsys><vertdef><altsys><altenc>Explicit elevation coordinate included with horizontal coordinates</altenc><altres>1.000000</altres></altsys></vertdef></spref><refSysInfo><RefSystem><refSysID><identCode>NAD_1983_StatePlane_Pennsylvania_South_FIPS_3702_Feet</identCode><idCodeSpace>EPSG</idCodeSpace><idVersion>7.4.1</idVersion></refSysID></RefSystem></refSysInfo><spatRepInfo><VectSpatRep><geometObjs><geoObjTyp><GeoObjTypCd value="002"/></geoObjTyp><geoObjCnt>66</geoObjCnt></geometObjs><topLvl><TopoLevCd value="001"/></topLvl></VectSpatRep></spatRepInfo><eainfo><detailed><enttyp><enttypl>GIS_PLANNING.Wards</enttypl></enttyp><attr><attrlabl>OBJECTID</attrlabl><attrdef>Internal feature number.</attrdef><attrdefs>ESRI</attrdefs><attrdomv><udom>Sequential unique whole numbers that are automatically generated.</udom></attrdomv></attr><attr><attrlabl>GIS_PLANNING.Wards.AREA</attrlabl></attr><attr><attrlabl>Shape</attrlabl><attrdef>Feature geometry.</attrdef><attrdefs>ESRI</attrdefs><attrdomv><udom>Coordinates defining the features.</udom></attrdomv></attr><attr><attrlabl>PERIMETER</attrlabl></attr><attr><attrlabl>WARDS_</attrlabl></attr><attr><attrlabl>WARDS_ID</attrlabl></attr><attr><attrlabl>WARD_NUM</attrlabl></attr><attr><attrlabl>SHAPE.AREA</attrlabl></attr><attr><attrlabl>SHAPE.LEN</attrlabl></attr></detailed></eainfo><mdDateSt>20120821</mdDateSt></metadata>
