<?xml version="1.0" encoding="UTF-8"?>
<metadata xml:lang="en"><idinfo><descript><abstract>A Political Division is a subdivision of a Political Ward. Each ward contains no fewer than 10 and no more than 50 divisions. Metadata updated 09/21/2012</abstract><purpose>Each ward contains no fewer than 10 and no more than 50 divisions. Ward leaders are elected by their party's committeepeople. Learn more about Democratic Ward Leaders and Committeepeople : http://www.seventy.org/Resources_Ward_Leaders_and_Committeepeople.aspx</purpose></descript><citation><citeinfo><origin>Philadelphia City Planning Commission</origin><pubdate>201302</pubdate><title>Philadelphia Political Ward Divisions</title><geoform>vector digital data</geoform><onlink>http://www.pasda.psu.edu</onlink></citeinfo></citation><timeperd><current>ground condition</current><timeinfo><sngdate><caldate>201302</caldate></sngdate></timeinfo></timeperd><status><progress>Complete</progress><update>As needed</update></status><spdom><bounding><westbc>-75.284151</westbc><eastbc>-74.954032</eastbc><northbc>40.143797</northbc><southbc>39.861743</southbc></bounding></spdom><keywords><theme><themekey>planning</themekey><themekt>ISO 19115 Topic Categories</themekt><themekey>boundaries</themekey><themekey>city planning</themekey><themekey>PCPC</themekey><themekey>Political Divisions</themekey><themekey>Divisions</themekey></theme><place><placekey>Philadelphia</placekey><placekey>City of Philadelphia</placekey></place></keywords><ptcontac><cntinfo><cntperp><cntper>Dolores Harley </cntper><cntorg>Philadelphia City Planning Commission</cntorg></cntperp><cntvoice>(215) 683-4611 </cntvoice><cntemail>dolores.harley@phila.gov </cntemail><cntaddr><addrtype>mailing and physical address</addrtype><address>1515 Arch Street, 13 Fl</address><city>Philadelphia</city><state>Pennsylvania</state><postal>19102</postal><country>United States</country></cntaddr><cntinst>Darshna Patel (215) 683-4611 darshna.patel@phila.gov</cntinst></cntinfo></ptcontac><useconst>The City of Philadelphia makes no representation about the accuracy of any specific information in this GIS data and is provided “as is” and without Warranty of any kind. The user of this data will assume complete responsibility for any and all occurrences resulting from its use or display and will hold the City of Philadelphia harmless from any and all claims, demands, liabilities, obligations, damages, suits, judgments or settlements, including reasonable costs and attorneys' fees, that arise from use of this data.</useconst></idinfo><dataIdInfo><envirDesc>Microsoft Windows XP Version 5.1 (Build 2600) Service Pack 3; ESRI ArcCatalog 9.3.1.3500</envirDesc><dataLang><languageCode value="en"/><countryCode value="USA" Sync="TRUE"></countryCode></dataLang><idCitation><resTitle>GIS_PLANNING.Divisions_REVISED11</resTitle><presForm><PresFormCd value="005"/></presForm></idCitation><spatRpType><SpatRepTypCd value="001"/></spatRpType><dataExt><geoEle><GeoBndBox esriExtentType="native"><westBL>2660574.99701</westBL><eastBL>2750114.654544</eastBL><northBL>304942.42744</northBL><southBL>204817.066012</southBL><exTypeCode>1</exTypeCode></GeoBndBox></geoEle></dataExt><geoBox esriExtentType="decdegrees"><westBL>-75.284151</westBL><eastBL>-74.954032</eastBL><northBL>40.143797</northBL><southBL>39.861743</southBL><exTypeCode>1</exTypeCode></geoBox><dataExt xmlns:esri="http://www.esri.com/metadata/"><geoEle><GeoBndBox esriExtentType="search"><westBL>-75.284151</westBL><eastBL>-74.954032</eastBL><northBL>40.143797</northBL><southBL>39.861743</southBL><exTypeCode>1</exTypeCode></GeoBndBox></geoEle></dataExt><idPurp>Political Divisions.  Meets City's Standard Boundary Format</idPurp><idAbs>&lt;DIV STYLE="text-align:Left;"&gt;&lt;DIV&gt;&lt;DIV&gt;&lt;P&gt;&lt;SPAN&gt;Political voting divisions revised 2011&lt;/SPAN&gt;&lt;/P&gt;&lt;/DIV&gt;&lt;/DIV&gt;&lt;/DIV&gt;</idAbs><idCredit>Philadelphia City Planning Commission</idCredit><searchKeys><keyword>Divisions</keyword></searchKeys></dataIdInfo><metainfo><metstdn>FGDC Content Standards for Digital Geospatial Metadata</metstdn><metstdv>FGDC-STD-001-1998</metstdv><mettc>local time</mettc><metc><cntinfo><cntorgp><cntorg>Pennsylvania Spatial Data Access (PASDA)</cntorg></cntorgp><cntaddr><addrtype>mailing and physical address</addrtype><city>University Park</city><state>Pennsylvania</state><postal>16802</postal><address>115 Land and Water Building</address><country>United States</country></cntaddr><cntvoice>(814) 865 - 8792</cntvoice><cntemail>pasda@psu.edu</cntemail></cntinfo></metc><metd>201209</metd></metainfo><mdLang><languageCode value="en"/><countryCode value="USA" Sync="TRUE"></countryCode></mdLang><mdStanName>ISO 19115 Geographic Information - Metadata</mdStanName><mdStanVer>DIS_ESRI1.0</mdStanVer><mdChar><CharSetCd value="004"/></mdChar><mdHrLv><ScopeCd value="005"/></mdHrLv><mdHrLvName>dataset</mdHrLvName><distinfo><resdesc>Downloadable Data</resdesc><stdorder><digform><digtinfo><transize>0.000</transize></digtinfo></digform></stdorder><distrib><cntinfo><cntperp><cntorg>Pennsylvania Spatial Data Access (PASDA) </cntorg></cntperp><cntaddr><addrtype>mailing address</addrtype><address>115 Land and Water Building</address><city>University Park</city><state>Pennsylvania</state><postal>16802</postal><country>United States</country></cntaddr><cntvoice>(814) 865 8792</cntvoice><cntemail>pasda@psu.edu </cntemail></cntinfo></distrib><distliab>    The USER shall indemnify, save harmless, and, if requested, defend those parties involved with the development and distribution of this data, their officers, agents, and employees from and against any suits, claims, or actions for injury, death, or property damage arising out of the use of or any defect in the FILES or any accompanying documentation. Those parties involved with the development and distribution excluded any and all implied warranties, including warranties or merchantability and fitness for a particular purpose and makes no warranty or representation, either express or implied, with respect to the FILES or accompanying documentation, including its quality, performance, merchantability, or fitness for a particular purpose. The FILES and documentation are provided "as is" and the USER assumes the entire risk as to its quality and performance. Those parties involved with the development and distribution of this data will not be liable for any direct, indirect, special, incidental, or consequential damages arising out of the use or inability to use the FILES or any accompanying documentation.</distliab></distinfo><distInfo><distributor><distorTran><onLineSrc><orDesc>002</orDesc><linkage>file://Service=sde:oracle10g; User=gis_planning; Version=SDE.DEFAULT</linkage><protocol>Local Area Network</protocol></onLineSrc><transSize>0.000</transSize></distorTran><distorFormat><formatName>SDE Feature Class</formatName></distorFormat></distributor><distFormat><formatName Sync="TRUE">Shapefile</formatName></distFormat><distTranOps><transSize Sync="TRUE">1.026</transSize></distTranOps></distInfo><spdoinfo><direct>Vector</direct><ptvctinf><esriterm><efeatyp Sync="TRUE">Simple</efeatyp><efeageom code="4" Sync="TRUE"></efeageom><esritopo Sync="TRUE">FALSE</esritopo><efeacnt Sync="TRUE">1687</efeacnt><spindex Sync="TRUE">TRUE</spindex><linrefer Sync="TRUE">FALSE</linrefer></esriterm></ptvctinf></spdoinfo><spref><horizsys><planar><planci><plance>coordinate pair</plance><plandu>survey feet</plandu><coordrep><absres>0.000328</absres><ordres>0.000328</ordres></coordrep></planci></planar><geodetic><horizdn>North American Datum of 1983</horizdn><ellips>Geodetic Reference System 80</ellips><semiaxis>6378137.000000</semiaxis><denflat>298.257222</denflat></geodetic></horizsys><vertdef><altsys><altenc>Explicit elevation coordinate included with horizontal coordinates</altenc><altres>1.000000</altres></altsys></vertdef></spref><refSysInfo><RefSystem><refSysID><identCode>NAD_1983_StatePlane_Pennsylvania_South_FIPS_3702_Feet</identCode><idCodeSpace Sync="TRUE">EPSG</idCodeSpace><idVersion Sync="TRUE">7.4.1</idVersion></refSysID></RefSystem></refSysInfo><spatRepInfo><VectSpatRep><geometObjs Name="Philadelphia_Ward_Divisions"><geoObjTyp><GeoObjTypCd value="002" Sync="TRUE"></GeoObjTypCd></geoObjTyp><geoObjCnt Sync="TRUE">1687</geoObjCnt></geometObjs><topLvl><TopoLevCd value="001" Sync="TRUE"></TopoLevCd></topLvl></VectSpatRep></spatRepInfo><eainfo><detailed Name="Philadelphia_Ward_Divisions"><enttyp><enttypl>GIS_PLANNING.Divisions_REVISED11</enttypl><enttypt Sync="TRUE">Feature Class</enttypt><enttypc Sync="TRUE">1687</enttypc></enttyp><attr><attrlabl Sync="TRUE">FID</attrlabl><attalias Sync="TRUE">FID</attalias><attrtype Sync="TRUE">OID</attrtype><attwidth Sync="TRUE">4</attwidth><atprecis Sync="TRUE">0</atprecis><attscale Sync="TRUE">0</attscale><attrdef Sync="TRUE">Internal feature number.</attrdef><attrdefs Sync="TRUE">ESRI</attrdefs><attrdomv><udom Sync="TRUE">Sequential unique whole numbers that are automatically generated.</udom></attrdomv></attr><attr><attrlabl>OBJECTID</attrlabl><attrdef>Internal feature number.</attrdef><attrdefs>ESRI</attrdefs><attrdomv><udom>Sequential unique whole numbers that are automatically generated.</udom></attrdomv><attalias Sync="TRUE">OBJECTID</attalias><attrtype Sync="TRUE">Double</attrtype><attwidth Sync="TRUE">10</attwidth><atprecis Sync="TRUE">10</atprecis><attscale Sync="TRUE">0</attscale></attr><attr><attrlabl>Shape</attrlabl><attrdef>Feature geometry.</attrdef><attrdefs>ESRI</attrdefs><attrdomv><udom>Coordinates defining the features.</udom></attrdomv><attalias Sync="TRUE">Shape</attalias><attrtype Sync="TRUE">Geometry</attrtype><attwidth Sync="TRUE">0</attwidth><atprecis Sync="TRUE">0</atprecis><attscale Sync="TRUE">0</attscale></attr><attr><attrlabl Sync="TRUE">AREA</attrlabl><attalias Sync="TRUE">AREA</attalias><attrtype Sync="TRUE">Double</attrtype><attwidth Sync="TRUE">19</attwidth><atprecis Sync="TRUE">18</atprecis><attscale Sync="TRUE">8</attscale></attr><attr><attrlabl>PERIMETER</attrlabl><attalias Sync="TRUE">PERIMETER</attalias><attrtype Sync="TRUE">Double</attrtype><attwidth Sync="TRUE">19</attwidth><atprecis Sync="TRUE">18</atprecis><attscale Sync="TRUE">8</attscale></attr><attr><attrlabl>DIVSN_</attrlabl><attalias Sync="TRUE">DIVSN_</attalias><attrtype Sync="TRUE">Double</attrtype><attwidth Sync="TRUE">10</attwidth><atprecis Sync="TRUE">10</atprecis><attscale Sync="TRUE">0</attscale></attr><attr><attrlabl>DIVSN_ID</attrlabl><attalias Sync="TRUE">DIVSN_ID</attalias><attrtype Sync="TRUE">Double</attrtype><attwidth Sync="TRUE">10</attwidth><atprecis Sync="TRUE">10</atprecis><attscale Sync="TRUE">0</attscale></attr><attr><attrlabl>NAME2_</attrlabl><attalias Sync="TRUE">NAME2_</attalias><attrtype Sync="TRUE">String</attrtype><attwidth Sync="TRUE">64</attwidth><atprecis Sync="TRUE">0</atprecis><attscale Sync="TRUE">0</attscale></attr><attr><attrlabl>SHORTNUM</attrlabl><attalias Sync="TRUE">SHORTNUM</attalias><attrtype Sync="TRUE">Integer</attrtype><attwidth Sync="TRUE">5</attwidth><atprecis Sync="TRUE">5</atprecis><attscale Sync="TRUE">0</attscale></attr><attr><attrlabl Sync="TRUE">SHAPE_AREA</attrlabl><attalias Sync="TRUE">SHAPE_AREA</attalias><attrtype Sync="TRUE">Double</attrtype><attwidth Sync="TRUE">19</attwidth><atprecis Sync="TRUE">0</atprecis><attscale Sync="TRUE">0</attscale><attrdef Sync="TRUE">Area of feature in internal units squared.</attrdef><attrdefs Sync="TRUE">ESRI</attrdefs><attrdomv><udom Sync="TRUE">Positive real numbers that are automatically generated.</udom></attrdomv></attr><attr><attrlabl Sync="TRUE">SHAPE_LEN</attrlabl><attalias Sync="TRUE">SHAPE_LEN</attalias><attrtype Sync="TRUE">Double</attrtype><attwidth Sync="TRUE">19</attwidth><atprecis Sync="TRUE">0</atprecis><attscale Sync="TRUE">0</attscale></attr></detailed></eainfo><mdDateSt>20120423</mdDateSt><Esri><DataProperties><itemProps><itemName Sync="TRUE">Philadelphia_Ward_Divisions</itemName><imsContentType Sync="TRUE">002</imsContentType><nativeExtBox><westBL Sync="TRUE">2660574.997010</westBL><eastBL Sync="TRUE">2750114.654544</eastBL><southBL Sync="TRUE">204817.066012</southBL><northBL Sync="TRUE">304942.427440</northBL><exTypeCode Sync="TRUE">1</exTypeCode></nativeExtBox><itemSize Sync="TRUE">1.026</itemSize><itemLocation><linkage Sync="TRUE">file://\\ALCES\D$\DATA\Philly\Philadelphia_Ward_Divisions.shp</linkage><protocol Sync="TRUE">Local Area Network</protocol></itemLocation></itemProps><coordRef><type Sync="TRUE">Projected</type><geogcsn Sync="TRUE">GCS_North_American_1983</geogcsn><csUnits Sync="TRUE">Linear Unit: Foot_US (0.304801)</csUnits><projcsn Sync="TRUE">NAD_1983_StatePlane_Pennsylvania_South_FIPS_3702_Feet</projcsn><peXml Sync="TRUE">&lt;ProjectedCoordinateSystem xsi:type='typens:ProjectedCoordinateSystem' xmlns:xsi='http://www.w3.org/2001/XMLSchema-instance' xmlns:xs='http://www.w3.org/2001/XMLSchema' xmlns:typens='http://www.esri.com/schemas/ArcGIS/10.0'&gt;&lt;WKT&gt;PROJCS[&amp;quot;NAD_1983_StatePlane_Pennsylvania_South_FIPS_3702_Feet&amp;quot;,GEOGCS[&amp;quot;GCS_North_American_1983&amp;quot;,DATUM[&amp;quot;D_North_American_1983&amp;quot;,SPHEROID[&amp;quot;GRS_1980&amp;quot;,6378137.0,298.257222101]],PRIMEM[&amp;quot;Greenwich&amp;quot;,0.0],UNIT[&amp;quot;Degree&amp;quot;,0.0174532925199433]],PROJECTION[&amp;quot;Lambert_Conformal_Conic&amp;quot;],PARAMETER[&amp;quot;False_Easting&amp;quot;,1968500.0],PARAMETER[&amp;quot;False_Northing&amp;quot;,0.0],PARAMETER[&amp;quot;Central_Meridian&amp;quot;,-77.75],PARAMETER[&amp;quot;Standard_Parallel_1&amp;quot;,39.93333333333333],PARAMETER[&amp;quot;Standard_Parallel_2&amp;quot;,40.96666666666667],PARAMETER[&amp;quot;Latitude_Of_Origin&amp;quot;,39.33333333333334],UNIT[&amp;quot;Foot_US&amp;quot;,0.3048006096012192],AUTHORITY[&amp;quot;EPSG&amp;quot;,2272]]&lt;/WKT&gt;&lt;XOrigin&gt;-119214200&lt;/XOrigin&gt;&lt;YOrigin&gt;-96198500&lt;/YOrigin&gt;&lt;XYScale&gt;37163717.489134133&lt;/XYScale&gt;&lt;ZOrigin&gt;-100000&lt;/ZOrigin&gt;&lt;ZScale&gt;10000&lt;/ZScale&gt;&lt;MOrigin&gt;-100000&lt;/MOrigin&gt;&lt;MScale&gt;10000&lt;/MScale&gt;&lt;XYTolerance&gt;0.0032808333333333335&lt;/XYTolerance&gt;&lt;ZTolerance&gt;0.001&lt;/ZTolerance&gt;&lt;MTolerance&gt;0.001&lt;/MTolerance&gt;&lt;HighPrecision&gt;true&lt;/HighPrecision&gt;&lt;WKID&gt;2272&lt;/WKID&gt;&lt;/ProjectedCoordinateSystem&gt;</peXml></coordRef></DataProperties><SyncDate>20120914</SyncDate><SyncTime>09230900</SyncTime><ModDate>20120914</ModDate><ModTime>09230900</ModTime></Esri></metadata>
