<?xml version="1.0" encoding="UTF-8"?>
<metadata>
<idinfo>
<citation>
<citeinfo>
<origin>City Planning Commission (PCPC) Department - GIS Division</origin>
<pubdate>2005</pubdate>
<title>Political Divisions</title>
<geoform>vector digital data</geoform>
<onlink>http://www.pasda.psu.edu/philacity/philadownload.cgi/phila-politicaldivisions.zip</onlink>
</citeinfo>
</citation>
<descript>
<abstract>Political subdivisions.</abstract>
<purpose>To illustrate the boundaries of the political subdivisions called divisions</purpose>
<supplinf>These data are available in the native ArcINFO Coverage or converted by PASDA staff to Shape-File format.  The ArcINFO Coverages should be unzipped using the &apos;Retain directory structure&quot; option in your unzip utility.  This will create a directory with the same name as the archive file.  The coverage directories and files will decompress in that directory</supplinf>
</descript>
<timeperd>
<timeinfo>
<sngdate>
<caldate>2005</caldate>
</sngdate>
</timeinfo>
<current>publication date</current>
</timeperd>
<status>
<progress>Complete</progress>
<update>As needed</update>
</status>
<spdom>
<bounding>
<westbc>-75.284151</westbc>
<eastbc>-74.954032</eastbc>
<northbc>40.143797</northbc>
<southbc>39.861743</southbc>
</bounding>
</spdom>
<keywords>
<theme>
<themekt>ISO Metadata Standard 19115.3</themekt>
<themekey>divisions</themekey>
<themekey>planningCadastre</themekey>
</theme>
<place>
<placekey>City of Philadelphia</placekey>
<placekey>Pennsylvania</placekey>
<placekey>Philadelphia</placekey>
</place>
</keywords>
<accconst>You must agree to the disclaimer and all other terms provided below prior to downloading City of Philadelphia GIS data.</accconst>
<useconst>The City of Philadelphia makes no warranty or representation, expressed or implied, with respect to the quality, content, accuracy, completeness, currency, or non-infringement of proprietary rights, of any of the GIS or other data or information, or any other materials and items, that are displayed or made available for download from the Pennsylvania Spatial Data Access (PASDA) Internet site.  All such data, information, items and materials (collectively, the City GIS Data) are provided on an &quot;as is&quot; basis, and you are fully and solely responsible for your use of them and for any results or consequences of your use.  They have been created from a variety of sources, including sources beyond the control of the City of Philadelphia, and are subject to change without notice from the City of Philadelphia.  Users should be aware that the parcel dataset was created from the Philadelphia City Planning Commission&apos;s base maps and has not been updated since 1992.  To the extent you use, apply, add to, modify or implement this information in your own information system or other setting, or otherwise for your own purposes, you do so at your own risk.  In no event shall the City of Philadelphia or its agencies, officers, employees, agents, or representatives be liable for any damages of any kind or nature whatsoever arising from your downloading, modifying, sharing, distributing, or using of City GIS Data, including, but not limited to, direct, indirect, special, punitive, incidental, exemplary or consequential damages, even if notified of the possibility of such damages.</useconst>
<ptcontac>
<cntinfo>
<cntperp>
<cntper>Maryanne Longacre</cntper>
<cntorg>Philadelphia City Planning Commission - GIS Division</cntorg>
</cntperp>
<cntpos>GIS Manager</cntpos>
<cntaddr>
<addrtype>mailing and physical address</addrtype>
<address>1515 Arch Street - 13th Floor</address>
<city>Philadelphia</city>
<state>PA</state>
<postal>19102</postal>
<country>USA</country>
</cntaddr>
<cntvoice>215-683-4609</cntvoice>
<cntfax>215-683-4630</cntfax>
<cntemail>maryann.longacre@phila.gov</cntemail>
<hours>8:30 AM - 4:30 PM</hours>
</cntinfo>
</ptcontac>
<browse>
<browsen>philly_divsn</browsen>
<browsed>ESRI Coverage</browsed>
</browse>
<native></native>
</idinfo>
<dataqual>
<attracc>
<attraccr>None completed.</attraccr>
</attracc>
<logic>None completed.</logic>
<complete>Citywide</complete>
<posacc>
<horizpa>
<horizpar>No systematic assessment completed</horizpar>
</horizpa>
</posacc>
<lineage>
<procstep>
<procdesc>From arcs of SINGLELINE STREETS.  Correlation to current Streets Dept. centerlines is uncertain and needs verification.</procdesc>
<procdate>Unknown</procdate>
</procstep>
</lineage>
</dataqual>
<spdoinfo>
<direct>Vector</direct>
<ptvctinf>
<sdtsterm>
<sdtstype>Complete chain</sdtstype>
<ptvctcnt>15587</ptvctcnt>
</sdtsterm>
<sdtsterm>
<sdtstype>Label point</sdtstype>
<ptvctcnt>1683</ptvctcnt>
</sdtsterm>
<sdtsterm>
<sdtstype>GT-polygon composed of chains</sdtstype>
<ptvctcnt>1683</ptvctcnt>
</sdtsterm>
<sdtsterm>
<sdtstype>Point</sdtstype>
<ptvctcnt>587</ptvctcnt>
</sdtsterm>
</ptvctinf>
</spdoinfo>
<spref>
<horizsys>
<planar>
<gridsys>
<gridsysn>State Plane Coordinate System 1983</gridsysn>
<spcs>
<spcszone>3702</spcszone>
<lambertc>
<stdparll>39.933333</stdparll>
<stdparll>40.966667</stdparll>
<longcm>-77.750000</longcm>
<latprjo>39.333333</latprjo>
<feast>1968500.000000</feast>
<fnorth>0.000000</fnorth>
</lambertc>
</spcs>
</gridsys>
<planci>
<plance>coordinate pair</plance>
<coordrep>
<absres>0.000093</absres>
<ordres>0.000093</ordres>
</coordrep>
<plandu>survey feet</plandu>
</planci>
</planar>
<geodetic>
<horizdn>North American Datum of 1983</horizdn>
<ellips>Geodetic Reference System 80</ellips>
<semiaxis>6378137.000000</semiaxis>
<denflat>298.257222</denflat>
</geodetic>
</horizsys>
</spref>
<eainfo>
<detailed>
<enttyp>
<enttypl>philly_divsn.aat</enttypl>
</enttyp>
<attr>
<attrlabl>NAME_2</attrlabl>
<attrdef>Subdivision number</attrdef>
<attrdefs>City Planning Commission (PCPC) Department</attrdefs>
<attrdomv>
<udom>PCPC assigned division number.</udom>
</attrdomv>
</attr>
</detailed>
</eainfo>
<distinfo>
<distrib>
<cntinfo>
<cntorgp>
<cntorg>Pennsylvania Spatial Data Access (PASDA)</cntorg>
</cntorgp>
<cntaddr>
<addrtype>mailing address</addrtype>
<address>Land and Water Building</address>
<city>University Park</city>
<state>PA</state>
<postal>16802</postal>
<country>USA</country>
</cntaddr>
<cntemail>pasda@psu.edu</cntemail>
</cntinfo>
</distrib>
<resdesc>PLANNING: Political Divisionss</resdesc>
<distliab>The USER shall indemnify, save harmless, and, if requested, defend those parties involved with the development and distribution of this data, their officers, agents, and employees from and against any suits, claims, or actions for injury, death, or property damage arising out of the use of or any defect in the FILES or any accompanying documentation. Those parties involved with the development and distribution excluded any and all implied warranties, including warranties or merchantability and fitness for a particular purpose and makes no warranty or representation, either express or implied, with respect to the FILES or accompanying documentation, including its quality, performance, merchantability, or fitness for a particular purpose. The FILES and documentation are provided &quot;as is&quot; and the USER assumes the entire risk as to its quality and performance. Those parties involved with the development and distribution of this data will not be liable for any direct, indirect, special, incidental, or consequential damages arising out of the use or inability to use the FILES or any accompanying documentation.</distliab>
<stdorder>
<digform>
<digtinfo>
<formname>Coverage or Shape-file</formname>
</digtinfo>
</digform>
<fees>none</fees>
</stdorder>
</distinfo>
<metainfo>
<metd>20050315</metd>
<metc>
<cntinfo>
<cntperp>
<cntper>Pauline Bogush</cntper>
<cntorg>Philadelphia City Planning Commission - GIS Division</cntorg>
</cntperp>
<cntpos>GIS Specialist</cntpos>
<cntaddr>
<addrtype>mailing and physical address</addrtype>
<address>1515 Arch Street - 13th Floor</address>
<city>Philadelphia</city>
<state>PA</state>
<postal>19102</postal>
<country>USA</country>
</cntaddr>
<cntvoice>215-683-4662</cntvoice>
<cntfax>215-683-4630</cntfax>
<cntemail>pauline.bogush@phila.gov</cntemail>
<hours>8:00 AM - 4:30 PM</hours>
</cntinfo>
</metc>
<metstdn>Content Standard for Digital Geospatial Metadata</metstdn>
<metstdv>FGDC-STD-001-1998</metstdv>
<mettc>local time</mettc>
</metainfo>
</metadata>
