<?xml version="1.0" encoding="ISO-8859-1"?>
<metadata>
	<idinfo>
		<citation>
			<citeinfo>
				<origin>City Planning Commission (PCPC) Department - GIS Division</origin>
				<pubdate>Unknown</pubdate>
				<pubtime>Unknown</pubtime>
				<title>PLANNING: Political Wards</title>
				<edition></edition>
				<geoform>vector digital data</geoform>
				<serinfo>
					<sername></sername>
					<issue></issue>
				</serinfo>
				<pubinfo>
					<pubplace>Philadelphia , PA</pubplace>
					<publish>City Planning Commission (PCPC) Department - GIS Division</publish>
				</pubinfo>
				<othercit></othercit>
				<onlink>none</onlink>
				<lworkcit></lworkcit>
			</citeinfo>
		</citation>
		<descript>
			<abstract>Political subdivisions.</abstract>
			<purpose>To illustrate the boundaries of the political subdivisions called wards.</purpose>
			<supplinf></supplinf>
		</descript>
		<timeperd>
			<timeinfo>
				<sngdate>
					<caldate>Unknown</caldate>
					<time></time>
				</sngdate>
			</timeinfo>
			<current>publication date</current>
		</timeperd>
		<status>
			<progress>Complete</progress>
			<update>As needed</update>
		</status>
		<spdom>
			<bounding>
				<westbc>-75.28</westbc>
				<eastbc>-74.96</eastbc>
				<northbc>40.14</northbc>
				<southbc>39.87</southbc>
			</bounding>
			<dsgpoly>
				<dsgpolyo>
					<gring></gring>
				</dsgpolyo>
				<dsgpolyx>
					<gring></gring>
				</dsgpolyx>
			</dsgpoly>
		</spdom>
		<keywords>
			<theme>
				<themekt>City of Philadelphia</themekt>
				<themekey>ward</themekey>
			</theme>
			<place>
				<placekt>City of Philadelphia</placekt>
				<placekey>Philadelphia</placekey>
			</place>
			<stratum>
				<stratkt></stratkt>
				<stratkey></stratkey>
			</stratum>
			<temporal>
				<tempkt></tempkt>
				<tempkey></tempkey>
			</temporal>
		</keywords>
		<accconst>City of Philadelphia employees only</accconst>
		<useconst>None</useconst>
		<ptcontac>
			<cntinfo>
				<cntperp>
					<cntper>Maryanne Longacre</cntper>
					<cntorg>Philadelphia City Planning Commission - GIS Division</cntorg>
				</cntperp>
				<cntpos>GIS Manager</cntpos>
				<cntaddr>
					<addrtype>mailing and physical address</addrtype>
					<address>1515 Arch Street - 13th Floor</address>
					<city>Philadelphia</city>
					<state>PA</state>
					<postal>19102</postal>
					<country>USA</country>
				</cntaddr>
				<cntvoice>215-683-4609</cntvoice>
				<cnttdd></cnttdd>
				<cntfax>215-683-4630</cntfax>
				<cntemail>maryann.longacre@phila.gov</cntemail>
				<hours>8:30 AM - 4:30 PM</hours>
				<cntinst></cntinst>
			</cntinfo>
		</ptcontac>
		<browse>
			<browsen></browsen>
			<browsed></browsed>
			<browset></browset>
		</browse>
		<datacred></datacred>
		<secinfo>
			<secsys>No security considerations</secsys>
			<secclass>Unclassified</secclass>
			<sechandl>N/A</sechandl>
		</secinfo>
		<native>[WARDS.PAT] ARC/INFO; RISC6000</native>
		<crossref></crossref>
	</idinfo>
	<dataqual>
		<attracc>
			<attraccr>None completed.</attraccr>
			<qattracc>
				<attraccv></attraccv>
				<attracce></attracce>
			</qattracc>
		</attracc>
		<logic>None completed.</logic>
		<complete>Citywide</complete>
		<posacc>
			<horizpa>
				<horizpar></horizpar>
				<qhorizpa>
					<horizpav></horizpav>
					<horizpae></horizpae>
				</qhorizpa>
			</horizpa>
			<vertacc>
				<vertaccr></vertaccr>
				<qvertpa>
					<vertaccv></vertaccv>
					<vertacce></vertacce>
				</qvertpa>
			</vertacc>
		</posacc>
		<lineage>
			<srcinfo>
				<srccite></srccite>
				<srcscale></srcscale>
				<typesrc></typesrc>
				<srctime>
					<timeinfo>
						<sngdate>
							<caldate></caldate>
							<time></time>
						</sngdate>
					</timeinfo>
					<srccurr></srccurr>
				</srctime>
				<srccitea></srccitea>
				<srccontr></srccontr>
			</srcinfo>
			<procstep>
				<procdesc>From arcs of SINGLELINE STREETS.  Correlation to current Streets Dept. centerlines is uncertain and needs verification.</procdesc>
				<srcused></srcused>
				<procdate>Unknown</procdate>
				<proctime></proctime>
				<srcprod></srcprod>
				<proccont>
					<cntinfo>
						<cntperp>
							<cntper></cntper>
							<cntorg></cntorg>
						</cntperp>
						<cntpos></cntpos>
						<cntaddr>
							<addrtype></addrtype>
							<address></address>
							<city></city>
							<state></state>
							<postal></postal>
							<country></country>
						</cntaddr>
						<cntvoice></cntvoice>
						<cnttdd></cnttdd>
						<cntfax></cntfax>
						<cntemail></cntemail>
						<hours></hours>
						<cntinst></cntinst>
					</cntinfo>
				</proccont>
			</procstep>
			<procstep><procdesc Sync="TRUE">Metadata imported.</procdesc><srcused Sync="TRUE">C:\work\phila\metadata1\Political_Wards.xml</srcused><date Sync="TRUE">20031005</date><time Sync="TRUE">12230300</time></procstep></lineage>
		<cloud>
0
</cloud>
	</dataqual>
	<spdoinfo>
		<indspref></indspref>
		<direct>Vector</direct>
		<ptvctinf>
			<sdtsterm>
				<sdtstype>G-Polygon</sdtstype>
				<ptvctcnt></ptvctcnt>
			</sdtsterm>
		</ptvctinf>
	</spdoinfo>
	<spref>
		<horizsys>
			<planar>
				<gridsys>
					<gridsysn>State Plane Coordinate System 1983</gridsysn>
					<spcs>
						<spcszone>3702 (USGS), 32129 (ESRI)</spcszone>
						<lambertc>
							<stdparll>39.933333333</stdparll>
							<stdparll>40.966666667</stdparll>
							<longcm>-77.75</longcm>
							<latprjo>39.33</latprjo>
							<feast>1968500</feast>
							<fnorth>
0
</fnorth>
						</lambertc>
					</spcs>
				</gridsys>
				<planci>
					<plance>Coordinate Pair</plance>
					<coordrep>
						<absres>0.01</absres>
						<ordres>0.01</ordres>
					</coordrep>
					<plandu>
survey feet
</plandu>
				</planci>
			</planar>
			<geodetic>
				<horizdn>North American Datum of 1983</horizdn>
				<ellips>Geodetic Reference System 80</ellips>
				<semiaxis>6378137</semiaxis>
				<denflat>
298.2572221
</denflat>
			</geodetic>
		</horizsys>
		<vertdef>
			<altsys>
				<altdatum></altdatum>
				<altres></altres>
				<altunits></altunits>
				<altenc></altenc>
			</altsys>
			<depthsys>
				<depthdn></depthdn>
				<depthres></depthres>
				<depthdu></depthdu>
				<depthem></depthem>
			</depthsys>
		</vertdef>
	</spref>
	<eainfo>
		<detailed>
			<enttyp>
				<enttypl>MANDATORY (for example: ROADS.AAT or SUNRISE.DBF)</enttypl>
				<enttypd>MANDATORY</enttypd>
				<enttypds>City Planning Commission (PCPC) Department - GIS Division</enttypds>
			</enttyp>
			<attr>
				<attrlabl>NUM</attrlabl>
				<attrdef>Ward Number; Type (c), Width (3), Precision (unknown)</attrdef>
				<attrdefs>City Planning Commission (PCPC) Department</attrdefs>
				<attrdomv>
					<udom>No domain information for this attribute available in the Weston metabase</udom>
				</attrdomv>
				<begdatea></begdatea>
				<enddatea></enddatea>
				<attrvai>
					<attrva></attrva>
					<attrvae></attrvae>
				</attrvai>
				<attrmfrq></attrmfrq>
			</attr>
		</detailed>
		<overview>
			<eaover>MANDATORY</eaover>
			<eadetcit>
MANDATORY
</eadetcit>
		</overview>
	</eainfo>
	<distinfo>
		<distrib>
			<cntinfo>
				<cntorgp>
					<cntorg>City of Philadelphia - Non-Commercial Data Distribution Committee</cntorg>
					<cntper></cntper>
				</cntorgp>
				<cntpos></cntpos>
				<cntaddr>
					<addrtype></addrtype>
					<address></address>
					<city></city>
					<state></state>
					<postal></postal>
					<country></country>
				</cntaddr>
				<cntvoice></cntvoice>
				<cnttdd></cnttdd>
				<cntfax></cntfax>
				<cntemail></cntemail>
				<hours></hours>
				<cntinst></cntinst>
			</cntinfo>
		</distrib>
		<resdesc></resdesc>
		<distliab>This dataset contains errors that are an artifact of the interpretation, source material and conversion process. The data and documentation are provided "as is." The City of Philadelphia (CITY) makes no warranty or representation, either express or implied, with respect to the data or accompanying documentation, including its quality, performance or accuracy. The CITY will not be liable for any direct, indirect, special, incidental, or consequential damages arising out of the use or inability to use the data or any accompanying documentation. The CITY is working to correct errors found in its datasets. Users discovering errors or making corrections to the data are requested to report such errors to the CITY at 215-686-5031 or e-mail to marion.storey@phila.gov</distliab>
		<stdorder>
			<digform>
				<digtinfo>
					<formname>ESRI Shapefile/ArcInfo Export File</formname>
					<formvern>2D</formvern>
					<formspec></formspec>
					<formcont></formcont>
					<filedec>PKzipped using WinZip by Nico Mak computing.</filedec>
					<transize></transize>
				</digtinfo>
				<digtopt>
					<onlinopt>
						<computer>
							<networka>
								<networkr></networkr>
							</networka>
						</computer>
						<accinstr>Will e-mail or FTP to a City agency upon request.</accinstr>
						<oncomp>
Windows OS
</oncomp>
					</onlinopt>
				</digtopt>
			</digform>
			<fees>none</fees>
			<ordering>Please contact the Paul Reisner at 215-686-5071 for access to this data set.</ordering>
			<turnarnd></turnarnd>
		</stdorder>
		<custom></custom>
		<techpreq></techpreq>
		<availabl>
			<timeinfo>
				<sngdate>
					<caldate>Unknown</caldate>
					<time></time>
				</sngdate>
			</timeinfo>
		</availabl>
	</distinfo>
	<distinfo>
		<distrib>
			<cntinfo>
				<cntorgp>
					<cntorg>City of Philadelphia - GIS Working Group</cntorg>
					<cntper></cntper>
				</cntorgp>
				<cntpos></cntpos>
				<cntaddr>
					<addrtype></addrtype>
					<address></address>
					<city></city>
					<state></state>
					<postal></postal>
					<country></country>
				</cntaddr>
				<cntvoice></cntvoice>
				<cnttdd></cnttdd>
				<cntfax></cntfax>
				<cntemail></cntemail>
				<hours></hours>
				<cntinst></cntinst>
			</cntinfo>
		</distrib>
		<resdesc></resdesc>
		<distliab>This dataset contains errors that are an artifact of the interpretation, source material and conversion process. The data and documentation are provided "as is." The City of Philadelphia (CITY) makes no warranty or representation, either express or implied, with respect to the data or accompanying documentation, including its quality, performance or accuracy. The CITY will not be liable for any direct, indirect, special, incidental, or consequential damages arising out of the use or inability to use the data or any accompanying documentation. The CITY is working to correct errors found in its datasets. Users discovering errors or making corrections to the data are requested to report such errors to the CITY at 215-686-XXXX</distliab>
		<stdorder>
			<digform>
				<digtinfo>
					<formname></formname>
					<formvern></formvern>
					<formspec></formspec>
					<formcont></formcont>
					<filedec></filedec>
					<transize></transize>
				</digtinfo>
				<digtopt>
					<onlinopt>
						<computer>
							<networka>
								<networkr></networkr>
							</networka>
						</computer>
						<accinstr></accinstr>
						<oncomp></oncomp>
					</onlinopt>
				</digtopt>
			</digform>
			<fees>N/A</fees>
			<ordering>N/A</ordering>
			<turnarnd>N/A</turnarnd>
		</stdorder>
		<stdorder>
			<nondig>N/A</nondig>
			<fees>N/A</fees>
			<ordering>N/A</ordering>
			<turnarnd>N/A</turnarnd>
		</stdorder>
		<custom>THE CITY OF PHILADELPHIA DOES NOT CURRENTLY HAVE A COMMERCIAL DISTRIBUTION POLICY.</custom>
		<techpreq></techpreq>
		<availabl>
			<timeinfo>
				<sngdate>
					<caldate>Unknown</caldate>
					<time>
Unknown
</time>
				</sngdate>
			</timeinfo>
		</availabl>
	</distinfo>
	<metainfo>
		<metd></metd>
		<metrd></metrd>
		<metfrd></metfrd>
		<metc>
			<cntinfo>
				<cntperp>
					<cntper>Pauline Bogush</cntper>
					<cntorg>Philadelphia City Planning Commission - GIS Division</cntorg>
				</cntperp>
				<cntpos>GIS Specialist</cntpos>
				<cntaddr>
					<addrtype>mailing and physical address</addrtype>
					<address>1515 Arch Street - 13th Floor</address>
					<city>Philadelphia</city>
					<state>PA</state>
					<postal>19102</postal>
					<country>USA</country>
				</cntaddr>
				<cntvoice>215-683-4662</cntvoice>
				<cnttdd></cnttdd>
				<cntfax>215-683-4630</cntfax>
				<cntemail>pauline.bogush@phila.gov</cntemail>
				<hours>8:00 AM - 4:30 PM</hours>
				<cntinst></cntinst>
			</cntinfo>
		</metc>
		<metstdn>Content Standard for Digital Geospatial Metadata</metstdn>
		<metstdv>FGDC-STD-001-1998</metstdv>
		<mettc>local time</mettc>
		<metac>City of Philadelphia employees</metac>
		<metuc>City of Philadelphia use only.</metuc>
		<metsi>
			<metscs>No security considerations</metscs>
			<metsc>Unclassified</metsc>
			<metshd>N/A</metshd>
		</metsi>
		<metextns>
			<onlink></onlink>
			<metprof></metprof>
		</metextns>
	</metainfo>
	<Esri><MetaID>{5ABA69D2-748E-4094-8BDD-280C7AA578E9}</MetaID><CreaDate>20031005</CreaDate><CreaTime>12230300</CreaTime><SyncOnce>TRUE</SyncOnce></Esri></metadata>
